Account,HomeworkFile_Name,CreateDate
S10527235,2017-04-26-020306_1824x984_scrot.png,"2017-04-26 10:06:01"
S10527226,2017-04-26-020229_1824x984_scrot.png,"2017-04-26 10:06:06"
S10527235,2017-04-26-020316_1824x984_scrot.png,"2017-04-26 10:06:07"
S10527214,2017-04-26-020247_1824x984_scrot.png,"2017-04-26 10:06:44"
S10527245,ledcontrol.ejs,"2017-04-26 10:10:20"
S10527247,2017-04-26-020757_1824x984_scrot.png,"2017-04-26 10:10:39"
S10527245,ledcontrol.js,"2017-04-26 10:10:42"
S10527245,app.js,"2017-04-26 10:10:55"
S10527249,P_20170426_100140.jpg,"2017-04-26 10:11:14"
S10127102,2017-04-26-021327_1824x984_scrot.png,"2017-04-26 10:14:39"
S10527277,2017-04-26-021327_1824x984_scrot.png,"2017-04-26 10:15:39"
S10527224,2017-04-26-021429_1824x984_scrot.png,"2017-04-26 10:18:50"
S10527243,2017-04-26-021928_1824x984_scrot.png,"2017-04-26 10:20:32"
S10527243,2017-04-26-022003_1824x984_scrot.png,"2017-04-26 10:20:40"
S10527245,IMG_2789.JPG,"2017-04-26 10:21:55"
S10527239,IMAG0271.jpg,"2017-04-26 10:22:24"
S10527239,IMAG0271.jpg,"2017-04-26 10:23:30"
S10527207,åµŒå…¥å¼.jpg,"2017-04-26 18:08:02"
